pos,anno,AF2122,MicPin,nonMicPin
13481,{"NA"},G,A,G
18063,{"NA"},C,A,C
27532,{"NA"},C,G,C
38105,{"NA"},A,C,A
47883,{"NA"},C,G,C
76126,{"NA"},C,A,C
86255,{"NA"},C,T,C
97120,{"NA"},A,T,A
101334,{"NA"},G,A,G
102006,{"NA"},C,A,C
116424,{"NA"},C,A,C
126140,{"NA"},C,T,C
135966,{"NA"},G,A,G
136633,{"NA"},C,T,C
148140,{"NA"},C,T,C
149138,{"NA"},A,C,A
151788,{"NA"},T,C,T
152685,{"NA"},C,T,C
192098,{"NA"},G,T,G
194247,{"NA"},G,T,G
209616,{"NA"},G,A,G
219170,{"NA"},G,C,G
232123,{"NA"},G,A,G
235342,{"NA"},G,A,G
280360,{"NA"},G,T,G
283370,{"NA"},A,C,A
303947,{"NA"},C,T,C
310053,{"NA"},C,T,C
327241,{"NA"},G,T,G
385168,{"NA"},C,T,C
385278,{"NA"},G,C,G
390192,{"NA"},C,T,C
428407,{"NA"},G,A,G
428936,{"NA"},T,A,T
441696,{"NA"},G,A,G
455038,{"NA"},C,T,C
489692,{"NA"},C,T,C
511785,{"NA"},C,A,C
518024,{"NA"},C,T,C
520685,{"NA"},C,T,C
531039,{"NA"},T,G,T
540818,{"NA"},G,A,G
545184,{"NA"},C,T,C
549889,{"NA"},G,A,G
560456,{"NA"},G,C,G
596965,{"NA"},C,G,C
678944,{"NA"},C,T,C
724402,{"NA"},C,A,C
740605,{"NA"},G,T,G
742399,{"NA"},G,A,G
819983,{"NA"},G,C,G
828297,{"NA"},G,A,G
845432,{"NA"},C,T,C
850656,{"NA"},G,T,G
853173,{"NA"},T,G,T
855278,{"NA"},G,T,G
860720,{"NA"},C,T,C
869763,{"NA"},C,T,C
876981,{"NA"},A,C,A
881654,{"NA"},G,A,G
888240,{"NA"},G,A,G
910832,{"NA"},G,A,G
943340,{"NA"},C,T,C
948234,{"NA"},T,G,T
981136,{"NA"},T,C,T
1012805,{"NA"},G,A,G
1017367,{"NA"},G,A,G
1027700,{"NA"},C,T,C
1030274,{"NA"},C,A,C
1031791,{"NA"},G,A,G
1052100,{"NA"},C,T,C
1078648,{"NA"},A,T,A
1101826,{"NA"},C,G,C
1115991,{"NA"},G,A,G
1129276,{"NA"},C,T,C
1131086,{"NA"},A,G,A
1141293,{"NA"},C,T,C
1147989,{"NA"},C,T,C
1181244,{"NA"},A,C,A
1204594,{"NA"},C,T,C
1245611,{"NA"},C,T,C
1255026,{"NA"},G,A,G
1261005,{"NA"},A,G,A
1261505,{"NA"},C,T,C
1273007,{"NA"},G,A,G
1289291,{"NA"},G,T,G
1296112,{"NA"},C,T,C
1297321,{"NA"},C,T,C
1315161,{"NA"},T,C,T
1393106,{"NA"},A,C,A
1437850,{"NA"},G,A,G
1455670,{"NA"},G,A,G
1457625,{"NA"},C,T,C
1463790,{"NA"},G,T,G
1483863,{"NA"},C,T,C
1525346,{"NA"},C,T,C
1529896,{"NA"},G,T,G
1535397,{"NA"},C,T,C
1574998,{"NA"},G,A,G
1581881,{"NA"},G,T,G
1622884,{"NA"},C,T,C
1624933,{"NA"},G,A,G
1668075,{"NA"},C,T,C
1696432,{"NA"},A,C,A
1708001,{"NA"},G,A,G
1709618,{"NA"},C,T,C
1722658,{"NA"},G,T,G
1744876,{"NA"},G,T,G
1776507,{"NA"},C,A,C
1777892,{"NA"},G,T,G
1785740,{"NA"},T,C,T
1794898,{"NA"},G,A,G
1830107,{"NA"},C,T,C
1875052,{"NA"},G,A,G
1918517,{"NA"},C,T,C
1926768,{"NA"},G,T,G
1932508,{"NA"},G,A,G
1939068,{"NA"},A,G,A
1990918,{"NA"},T,C,T
1991073,{"NA"},T,C,T
1993542,{"NA"},G,A,G
1997810,{"NA"},C,T,C
2051630,{"NA"},C,G,C
2066130,{"NA"},C,G,C
2073941,{"NA"},C,T,C
2079437,{"NA"},G,A,G
2082539,{"NA"},G,C,G
2126970,{"NA"},G,A,G
2127492,{"NA"},C,T,C
2146336,{"NA"},C,A,C
2222102,{"NA"},A,C,A
2228514,{"NA"},C,G,C
2257355,{"NA"},G,T,G
2270300,{"NA"},C,T,C
2292085,{"NA"},C,A,C
2300537,{"NA"},G,A,G
2307515,{"NA"},C,A,C
2309638,{"NA"},G,A,G
2313516,{"NA"},G,A,G
2318296,{"NA"},C,A,C
2327734,{"NA"},A,G,A
2377171,{"NA"},C,T,C
2378964,{"NA"},T,C,T
2380848,{"NA"},C,G,C
2382604,{"NA"},A,C,A
2427631,{"NA"},C,T,C
2450963,{"NA"},A,G,A
2457386,{"NA"},G,A,G
2470307,{"NA"},G,A,G
2505115,{"NA"},G,T,G
2513986,{"NA"},G,A,G
2521349,{"NA"},G,T,G
2527683,{"NA"},C,G,C
2536998,{"NA"},G,A,G
2627489,{"NA"},C,T,C
2646400,{"NA"},C,A,C
2646905,{"NA"},A,G,A
2718936,{"NA"},G,A,G
2730227,{"NA"},G,A,G
2739957,{"NA"},C,T,C
2741544,{"NA"},C,A,C
2759035,{"NA"},C,T,C
2765353,{"NA"},C,T,C
2774394,{"NA"},A,C,A
2803469,{"NA"},G,C,G
2817779,{"NA"},G,T,G
2822680,{"NA"},A,G,A
2833366,{"NA"},C,A,C
2842630,{"NA"},A,G,A
2853174,{"NA"},C,T,C
2855504,{"NA"},G,T,G
2862302,{"NA"},G,A,G
2874163,{"NA"},C,T,C
2890954,{"NA"},T,C,T
2895430,{"NA"},C,A,C
2920618,{"NA"},G,A,G
2930628,{"NA"},G,A,G
2957370,{"NA"},A,C,A
2978772,{"NA"},C,T,C
3020237,{"NA"},C,A,C
3040101,{"NA"},C,T,C
3042974,{"NA"},G,T,G
3047989,{"NA"},T,G,T
3066438,{"NA"},G,A,G
3071468,{"NA"},C,A,C
3077525,{"NA"},C,A,C
3098668,{"NA"},G,A,G
3101377,{"NA"},T,C,T
3106863,{"NA"},G,A,G
3120074,{"NA"},A,G,A
3132387,{"NA"},C,G,C
3141248,{"NA"},C,A,C
3160740,{"NA"},G,A,G
3176489,{"NA"},G,A,G
3200268,{"NA"},C,A,C
3231116,{"NA"},C,T,C
3306918,{"NA"},G,C,G
3324575,{"NA"},G,T,G
3329352,{"NA"},G,A,G
3332676,{"NA"},G,A,G
3349104,{"NA"},G,A,G
3365504,{"NA"},C,T,C
3401130,{"NA"},C,T,C
3430671,{"NA"},G,A,G
3440261,{"NA"},C,T,C
3456899,{"NA"},C,A,C
3509619,{"NA"},C,T,C
3519445,{"NA"},C,A,C
3548100,{"NA"},C,T,C
3553225,{"NA"},G,T,G
3573532,{"NA"},T,C,T
3611636,{"NA"},A,G,A
3623116,{"NA"},C,A,C
3628150,{"NA"},C,G,C
3674932,{"NA"},C,T,C
3693594,{"NA"},C,T,C
3727025,{"NA"},G,C,G
3744328,{"NA"},T,A,T
3760189,{"NA"},C,A,C
3763998,{"NA"},G,A,G
3788938,{"NA"},G,A,G
3797897,{"NA"},A,G,A
3808540,{"NA"},G,A,G
3814075,{"NA"},G,A,G
3836447,{"NA"},C,T,C
3862864,{"NA"},G,A,G
3881250,{"NA"},A,G,A
3896145,{"NA"},A,C,A
3907930,{"NA"},G,A,G
3930326,{"NA"},C,G,C
3930559,{"NA"},C,G,C
3931154,{"NA"},C,T,C
3931616,{"NA"},G,A,G
3936481,{"NA"},C,T,C
3940635,{"NA"},G,C,G
3952727,{"NA"},G,A,G
3961740,{"NA"},C,T,C
3985079,{"NA"},T,C,T
3990483,{"NA"},G,A,G
4006041,{"NA"},A,C,A
4056136,{"NA"},C,T,C
4078042,{"NA"},A,G,A
4086392,{"NA"},G,C,G
4087930,{"NA"},G,T,G
4107047,{"NA"},G,A,G
4116828,{"NA"},C,A,C
4126145,{"NA"},C,T,C
4136270,{"NA"},G,A,G
4153750,{"NA"},G,A,G
4157171,{"NA"},T,G,T
4187319,{"NA"},C,G,C
4188648,{"NA"},C,T,C
4234823,{"NA"},G,C,G
4245766,{"NA"},C,G,C
4275421,{"NA"},G,T,G
4293745,{"NA"},G,A,G
4310725,{"NA"},C,T,C
4320225,{"NA"},C,T,C
4343951,{"NA"},G,A,G