pos,anno,AF2122,bTB,nonbTB
24293,{"NA"},T,T,C
29442,{"NA"},T,T,C
45177,{"NA"},A,A,G
53663,{"NA"},T,T,C
62758,{"NA"},G,G,A
63029,{"NA"},T,T,C
63049,{"NA"},G,G,C
92357,{"NA"},T,T,A
99336,{"NA"},T,T,C
122650,{"NA"},T,T,C
162530,{"NA"},G,G,A
179424,{"NA"},T,T,C
184917,{"NA"},G,G,A
188267,{"NA"},T,T,G
199800,{"NA"},T,T,C
227738,{"NA"},T,T,C
262385,{"NA"},A,A,G
265653,{"NA"},A,A,G
266601,{"NA"},C,C,G
271077,{"NA"},C,C,G
276186,{"NA"},T,T,G
285894,{"NA"},T,T,G
292523,{"NA"},G,G,T
292778,{"NA"},C,C,T
362163,{"NA"},C,C,T
384021,{"NA"},G,G,A
394778,{"NA"},A,A,G
399064,{"NA"},G,G,A
428488,{"NA"},G,G,T
472937,{"NA"},G,G,A
474708,{"NA"},A,A,G
482898,{"NA"},G,G,A
540902,{"NA"},G,G,A
583372,{"NA"},C,C,T
610514,{"NA"},T,T,C
634973,{"NA"},C,C,T
654178,{"NA"},T,T,C
677219,{"NA"},G,G,A
721373,{"NA"},C,C,T
722454,{"NA"},T,T,C
726039,{"NA"},A,A,C
733788,{"NA"},G,G,A
746998,{"NA"},A,A,G
747114,{"NA"},G,G,C
770931,{"NA"},G,G,A
774665,{"NA"},A,A,G
788162,{"NA"},G,G,T
846049,{"NA"},C,C,T
864764,{"NA"},T,T,C
870460,{"NA"},C,C,T
917489,{"NA"},G,G,A
925130,{"NA"},A,A,G
928734,{"NA"},C,C,T
929147,{"NA"},T,T,G
934982,{"NA"},A,A,G
940714,{"NA"},G,G,A
1009407,{"NA"},C,C,T
1010182,{"NA"},T,T,C
1027911,{"NA"},C,C,G
1077356,{"NA"},T,T,C
1129611,{"NA"},T,T,C
1149575,{"NA"},T,T,C
1166960,{"NA"},T,T,C
1171297,{"NA"},A,A,G
1199636,{"NA"},A,A,G
1236028,{"NA"},A,A,G
1255953,{"NA"},C,C,T
1295376,{"NA"},T,T,C
1377868,{"NA"},T,T,C
1377935,{"NA"},C,C,T
1388166,{"NA"},T,T,C
1410739,{"NA"},T,T,C
1435584,{"NA"},A,A,C
1476347,{"NA"},T,T,C
1490640,{"NA"},T,T,C
1494193,{"NA"},G,G,A
1494324,{"NA"},T,T,G
1497326,{"NA"},T,T,C
1525971,{"NA"},C,C,A
1534974,{"NA"},T,T,C
1558728,{"NA"},C,C,T
1570275,{"NA"},T,T,C
1585618,{"NA"},G,G,T
1659304,{"NA"},C,C,T
1668404,{"NA"},T,T,C
1669135,{"NA"},C,C,T
1708108,{"NA"},G,G,A
1723307,{"NA"},G,G,C
1738210,{"NA"},A,A,G
1789681,{"NA"},C,C,T
1808750,{"NA"},C,C,G
1815661,{"NA"},A,A,G
1822223,{"NA"},T,T,G
1867321,{"NA"},T,T,G
1869512,{"NA"},T,T,C
1871495,{"NA"},G,G,A
1933291,{"NA"},A,A,G
1934421,{"NA"},T,T,C
1942743,{"NA"},C,C,T
1956427,{"NA"},T,T,C
1956859,{"NA"},T,T,G
2020767,{"NA"},T,T,C
2048737,{"NA"},G,G,A
2068670,{"NA"},T,T,C
2074580,{"NA"},A,A,G
2094478,{"NA"},T,T,C
2099682,{"NA"},T,T,C
2110986,{"NA"},T,T,C
2134872,{"NA"},A,A,G
2147202,{"NA"},T,T,A
2159645,{"NA"},G,G,T
2167348,{"NA"},A,A,G
2180277,{"NA"},T,T,C
2189303,{"NA"},T,T,C
2192930,{"NA"},C,C,T
2231155,{"NA"},A,A,G
2272986,{"NA"},C,C,G
2275230,{"NA"},C,C,T
2304443,{"NA"},G,G,A
2312508,{"NA"},A,A,G
2317013,{"NA"},T,T,C
2322578,{"NA"},T,T,C
2354188,{"NA"},T,T,C
2405346,{"NA"},C,C,A
2447668,{"NA"},T,T,C
2455035,{"NA"},G,G,T
2463948,{"NA"},G,G,A
2480652,{"NA"},C,C,T
2507835,{"NA"},A,A,G
2560796,{"NA"},A,A,G
2594770,{"NA"},A,A,G
2626747,{"NA"},A,A,G
2650664,{"NA"},T,T,C
2660947,{"NA"},A,A,G
2671898,{"NA"},T,T,C
2684991,{"NA"},C,C,T
2686456,{"NA"},T,T,C
2692030,{"NA"},G,G,A
2742343,{"NA"},C,C,G
2771624,{"NA"},A,A,G
2784243,{"NA"},T,T,G
2849417,{"NA"},C,C,T
2871964,{"NA"},A,A,G
2879964,{"NA"},A,A,G
2894748,{"NA"},A,A,G
2913009,{"NA"},A,A,G
2935735,{"NA"},C,C,T
2998989,{"NA"},C,C,G
3012496,{"NA"},G,G,A
3015844,{"NA"},G,G,A
3038305,{"NA"},A,A,G
3072095,{"NA"},C,C,A
3096724,{"NA"},A,A,C
3115235,{"NA"},T,T,C
3185717,{"NA"},A,A,G
3192343,{"NA"},C,C,G
3292201,{"NA"},C,C,T
3312033,{"NA"},A,A,T
3321979,{"NA"},A,A,G
3328016,{"NA"},A,A,G
3343657,{"NA"},A,A,G
3404010,{"NA"},A,A,G
3423862,{"NA"},C,C,G
3434151,{"NA"},T,T,C
3436653,{"NA"},C,C,G
3459632,{"NA"},A,A,G
3466696,{"NA"},G,G,T
3472676,{"NA"},T,T,C
3492231,{"NA"},G,G,C
3544683,{"NA"},C,C,T
3549450,{"NA"},A,A,G
3561226,{"NA"},A,A,G
3562541,{"NA"},A,A,G
3626758,{"NA"},A,A,G
3633751,{"NA"},A,A,G
3660007,{"NA"},A,A,G
3661401,{"NA"},G,G,C
3693443,{"NA"},G,G,T
3724214,{"NA"},T,T,C
3736194,{"NA"},A,A,G
3736445,{"NA"},T,T,G
3777374,{"NA"},A,A,G
3824956,{"NA"},T,T,C
3832818,{"NA"},A,A,G
3853581,{"NA"},A,A,G
3921125,{"NA"},A,A,G
3930860,{"NA"},C,C,T
3939862,{"NA"},C,C,G
3947819,{"NA"},G,G,A
3964308,{"NA"},T,T,G
3972140,{"NA"},T,T,G
3981644,{"NA"},G,G,A
4027898,{"NA"},T,T,C
4066936,{"NA"},A,A,C
4073901,{"NA"},A,A,G
4095038,{"NA"},A,A,G
4101540,{"NA"},A,A,G
4107289,{"NA"},A,A,G
4108573,{"NA"},C,C,T
4118314,{"NA"},C,C,G
4165765,{"NA"},C,C,T
4182846,{"NA"},G,G,A
4222561,{"NA"},A,A,G
4222603,{"NA"},A,A,G
4223157,{"NA"},A,A,G
4259178,{"NA"},A,A,G
4293145,{"NA"},A,A,G
4301014,{"NA"},C,C,T
4304489,{"NA"},G,G,A
4320714,{"NA"},C,C,A
4324820,{"NA"},T,T,C