pos,anno,AF2122,nonPinnipedii,Pinnipedii
3139,{"NA"},C,C,G
10049,{"NA"},T,T,C
16530,{"NA"},G,G,A
28325,{"NA"},C,C,T
28713,{"NA"},C,C,G
38964,{"NA"},C,C,T
41222,{"NA"},A,A,G
63078,{"NA"},C,C,T
88287,{"NA"},C,C,A
90083,{"NA"},C,C,T
107009,{"NA"},C,C,A
117106,{"NA"},G,G,A
125186,{"NA"},C,C,T
131638,{"NA"},C,C,T
141054,{"NA"},T,T,G
214570,{"NA"},G,G,A
218732,{"NA"},T,T,C
220999,{"NA"},A,A,G
249263,{"NA"},C,C,T
270485,{"NA"},C,C,A
303773,{"NA"},G,G,A
304309,{"NA"},G,G,A
309818,{"NA"},C,C,T
312220,{"NA"},C,C,A
314410,{"NA"},C,C,T
321372,{"NA"},C,C,A
349282,{"NA"},G,G,T
360439,{"NA"},A,A,G
379708,{"NA"},C,C,A
381130,{"NA"},G,G,T
385862,{"NA"},A,A,G
421129,{"NA"},C,C,T
441426,{"NA"},C,C,T
444635,{"NA"},A,A,T
448059,{"NA"},G,G,A
459173,{"NA"},G,G,A
459634,{"NA"},C,C,G
468438,{"NA"},C,C,T
487132,{"NA"},A,A,G
491404,{"NA"},G,G,A
502209,{"NA"},G,G,A
542055,{"NA"},G,G,A
564331,{"NA"},C,C,T
583630,{"NA"},C,C,T
589641,{"NA"},C,C,T
594196,{"NA"},C,C,T
610865,{"NA"},G,G,A
621539,{"NA"},C,C,T
631538,{"NA"},G,G,C
654974,{"NA"},C,C,T
659975,{"NA"},C,C,T
671917,{"NA"},A,A,G
717042,{"NA"},T,T,G
729845,{"NA"},C,C,T
737376,{"NA"},C,C,T
746562,{"NA"},C,C,T
758157,{"NA"},C,C,T
780623,{"NA"},C,C,G
781454,{"NA"},A,A,G
799769,{"NA"},G,G,C
863987,{"NA"},C,C,T
874213,{"NA"},C,C,T
888485,{"NA"},G,G,A
898074,{"NA"},C,C,T
899322,{"NA"},G,G,A
906598,{"NA"},G,G,A
920749,{"NA"},C,C,T
929714,{"NA"},C,C,T
953528,{"NA"},G,G,A
966097,{"NA"},G,G,A
966864,{"NA"},C,C,T
980523,{"NA"},C,C,G
982805,{"NA"},G,G,A
986236,{"NA"},G,G,A
999749,{"NA"},C,C,T
1012698,{"NA"},A,A,G
1018825,{"NA"},C,C,T
1021368,{"NA"},A,A,G
1028444,{"NA"},G,G,A
1028903,{"NA"},C,C,T
1037401,{"NA"},A,A,G
1053775,{"NA"},C,C,T
1062346,{"NA"},T,T,G
1079520,{"NA"},C,C,T
1100806,{"NA"},C,C,T
1106796,{"NA"},C,C,T
1118765,{"NA"},C,C,T
1130486,{"NA"},C,C,T
1153002,{"NA"},A,A,C
1153848,{"NA"},G,G,T
1168963,{"NA"},G,G,C
1199076,{"NA"},G,G,C
1202002,{"NA"},C,C,T
1208407,{"NA"},C,C,T
1216771,{"NA"},A,A,C
1217453,{"NA"},A,A,C
1222553,{"NA"},C,C,G
1226631,{"NA"},A,A,G
1270937,{"NA"},C,C,T
1271067,{"NA"},G,G,T
1282536,{"NA"},G,G,T
1301511,{"NA"},T,T,A
1339770,{"NA"},A,A,T
1353500,{"NA"},A,A,G
1377702,{"NA"},G,G,A
1392710,{"NA"},C,C,T
1407795,{"NA"},G,G,A
1410177,{"NA"},G,G,T
1430064,{"NA"},T,T,C
1434508,{"NA"},C,C,T
1436091,{"NA"},T,T,C
1463497,{"NA"},T,T,G
1471130,{"NA"},T,T,C
1474478,{"NA"},T,T,C
1495359,{"NA"},T,T,C
1497367,{"NA"},C,C,T
1502305,{"NA"},G,G,A
1538423,{"NA"},C,C,T
1540767,{"NA"},A,A,C
1574030,{"NA"},G,G,A
1586655,{"NA"},G,G,C
1594996,{"NA"},G,G,A
1607756,{"NA"},G,G,C
1608485,{"NA"},C,C,T
1651018,{"NA"},C,C,T
1657632,{"NA"},T,T,C
1676057,{"NA"},G,G,T
1690058,{"NA"},A,A,T
1691045,{"NA"},C,C,A
1699966,{"NA"},G,G,C
1701716,{"NA"},G,G,T
1705827,{"NA"},C,C,T
1726526,{"NA"},C,C,T
1727869,{"NA"},T,T,G
1737575,{"NA"},C,C,T
1749309,{"NA"},A,A,G
1796772,{"NA"},C,C,G
1810703,{"NA"},G,G,A
1830607,{"NA"},C,C,A
1843113,{"NA"},C,C,T
1864607,{"NA"},C,C,T
1893726,{"NA"},C,C,T
1906184,{"NA"},A,A,G
1910037,{"NA"},C,C,T
1914152,{"NA"},C,C,T
1920035,{"NA"},G,G,C
1952313,{"NA"},A,A,T
1966038,{"NA"},C,C,G
1994515,{"NA"},G,G,C
1999947,{"NA"},C,C,G
2025360,{"NA"},G,G,C
2027855,{"NA"},G,G,C
2058662,{"NA"},A,A,C
2072772,{"NA"},T,T,C
2077937,{"NA"},G,G,T
2085315,{"NA"},G,G,A
2085627,{"NA"},G,G,A
2104188,{"NA"},G,G,A
2113354,{"NA"},C,C,T
2115501,{"NA"},C,C,T
2117364,{"NA"},C,C,G
2132710,{"NA"},C,C,T
2159006,{"NA"},G,G,C
2159580,{"NA"},G,G,A
2181142,{"NA"},G,G,A
2184260,{"NA"},G,G,A
2190741,{"NA"},T,T,C
2220237,{"NA"},T,T,G
2223780,{"NA"},T,T,G
2228149,{"NA"},G,G,C
2268515,{"NA"},G,G,C
2297180,{"NA"},G,G,A
2329639,{"NA"},T,T,G
2330983,{"NA"},C,C,T
2340856,{"NA"},G,G,A
2345981,{"NA"},A,A,C
2353864,{"NA"},C,C,A
2376258,{"NA"},G,G,A
2403506,{"NA"},T,T,C
2414003,{"NA"},G,G,A
2451320,{"NA"},A,A,G
2452185,{"NA"},C,C,T
2452613,{"NA"},C,C,G
2470669,{"NA"},T,T,C
2476721,{"NA"},A,A,C
2491183,{"NA"},C,C,G
2499404,{"NA"},G,G,A
2504558,{"NA"},T,T,C
2519184,{"NA"},T,T,C
2531987,{"NA"},A,A,C
2560343,{"NA"},G,G,T
2568477,{"NA"},A,A,C
2583578,{"NA"},A,A,G
2618789,{"NA"},C,C,T
2622636,{"NA"},G,G,C
2642251,{"NA"},G,G,A
2662959,{"NA"},G,G,A
2666310,{"NA"},C,C,A
2675263,{"NA"},G,G,A
2675403,{"NA"},G,G,A
2729655,{"NA"},C,C,T
2741522,{"NA"},C,C,G
2744145,{"NA"},G,G,A
2758048,{"NA"},G,G,A
2782180,{"NA"},G,G,A
2787846,{"NA"},G,G,A
2813880,{"NA"},T,T,A
2824504,{"NA"},G,G,A
2836379,{"NA"},C,C,A
2842346,{"NA"},C,C,T
2855934,{"NA"},G,G,A
2860956,{"NA"},G,G,T
2867791,{"NA"},G,G,A
2869372,{"NA"},G,G,A
2876114,{"NA"},C,C,A
2877448,{"NA"},A,A,C
2879585,{"NA"},G,G,C
2880559,{"NA"},G,G,T
2884229,{"NA"},C,C,G
2888821,{"NA"},T,T,C
2909720,{"NA"},T,T,G
2915558,{"NA"},G,G,A
2920331,{"NA"},G,G,A
2954022,{"NA"},C,C,T
2963639,{"NA"},G,G,A
2967404,{"NA"},T,T,C
2981755,{"NA"},C,C,A
3020446,{"NA"},C,C,T
3020544,{"NA"},A,A,G
3022439,{"NA"},C,C,T
3025959,{"NA"},G,G,A
3036517,{"NA"},T,T,G
3047329,{"NA"},C,C,T
3065224,{"NA"},C,C,T
3066857,{"NA"},C,C,G
3067878,{"NA"},G,G,A
3084096,{"NA"},T,T,C
3093968,{"NA"},G,G,A
3098043,{"NA"},C,C,A
3102527,{"NA"},C,C,T
3105158,{"NA"},A,A,C
3122392,{"NA"},G,G,A
3122917,{"NA"},C,C,T
3123732,{"NA"},T,T,C
3146167,{"NA"},T,T,C
3160676,{"NA"},A,A,C
3167908,{"NA"},C,C,T
3172397,{"NA"},A,A,C
3173967,{"NA"},G,G,C
3176949,{"NA"},G,G,T
3188471,{"NA"},G,G,A
3211719,{"NA"},C,C,T
3215406,{"NA"},C,C,T
3218880,{"NA"},G,G,A
3228690,{"NA"},G,G,A
3236218,{"NA"},G,G,A
3241714,{"NA"},C,C,T
3257451,{"NA"},G,G,A
3265052,{"NA"},T,T,C
3266181,{"NA"},C,C,T
3268858,{"NA"},G,G,C
3269390,{"NA"},G,G,A
3293788,{"NA"},G,G,A
3303087,{"NA"},G,G,C
3341499,{"NA"},C,C,A
3353860,{"NA"},T,T,C
3374134,{"NA"},T,T,C
3388046,{"NA"},G,G,T
3420236,{"NA"},G,G,A
3426498,{"NA"},C,C,T
3450613,{"NA"},C,C,T
3454285,{"NA"},G,G,C
3455202,{"NA"},G,G,A
3456788,{"NA"},G,G,A
3500702,{"NA"},G,G,T
3504845,{"NA"},C,C,T
3529633,{"NA"},G,G,A
3551198,{"NA"},C,C,T
3555173,{"NA"},T,T,C
3584232,{"NA"},C,C,A
3584903,{"NA"},G,G,A
3629510,{"NA"},G,G,A
3640258,{"NA"},G,G,A
3681556,{"NA"},C,C,T
3682951,{"NA"},G,G,A
3710225,{"NA"},T,T,G
3716221,{"NA"},C,C,A
3729645,{"NA"},G,G,T
3740188,{"NA"},G,G,A
3744129,{"NA"},G,G,T
3779222,{"NA"},A,A,C
3823080,{"NA"},C,C,T
3828420,{"NA"},A,A,C
3830683,{"NA"},G,G,C
3834189,{"NA"},G,G,A
3834594,{"NA"},C,C,T
3885343,{"NA"},A,A,C
3896392,{"NA"},G,G,A
3920116,{"NA"},G,G,C
3971244,{"NA"},G,G,C
3976163,{"NA"},C,C,T
3977370,{"NA"},C,C,T
4005605,{"NA"},C,C,T
4008198,{"NA"},G,G,A
4012389,{"NA"},C,C,T
4012785,{"NA"},A,A,G
4070603,{"NA"},G,G,A
4080462,{"NA"},C,C,G
4082975,{"NA"},G,G,A
4091901,{"NA"},C,C,A
4098648,{"NA"},A,A,G
4100488,{"NA"},G,G,A
4111422,{"NA"},C,C,T
4112072,{"NA"},G,G,A
4121523,{"NA"},C,C,A
4150632,{"NA"},G,G,T
4152641,{"NA"},T,T,G
4186811,{"NA"},C,C,T
4197356,{"NA"},C,C,T
4213813,{"NA"},A,A,G
4246535,{"NA"},C,C,T
4251811,{"NA"},G,G,C
4272833,{"NA"},A,A,G
4301257,{"NA"},G,G,T
4301340,{"NA"},G,G,A
4305365,{"NA"},T,T,C
4313772,{"NA"},T,T,C
4317202,{"NA"},G,G,A
4319878,{"NA"},G,G,A