pos,anno,AF2122,Microti,nonMicroti
5671,{"NA"},C,T,C
28945,{"NA"},C,T,C
126134,{"NA"},G,A,G
207206,{"NA"},C,T,C
247448,{"NA"},G,A,G
447385,{"NA"},A,C,A
454011,{"NA"},C,T,C
468396,{"NA"},A,T,A
542479,{"NA"},G,T,G
562538,{"NA"},C,A,C
609401,{"NA"},C,T,C
615944,{"NA"},C,T,C
889854,{"NA"},A,T,A
913800,{"NA"},G,C,G
991087,{"NA"},G,A,G
1004229,{"NA"},A,G,A
1136769,{"NA"},C,T,C
1144167,{"NA"},C,T,C
1187675,{"NA"},T,G,T
1188805,{"NA"},C,T,C
1325410,{"NA"},C,T,C
1366119,{"NA"},G,C,G
1404098,{"NA"},A,C,A
1428938,{"NA"},T,A,T
1497243,{"NA"},T,C,T
1528049,{"NA"},C,T,C
1534047,{"NA"},T,C,T
1570282,{"NA"},T,G,T
1583467,{"NA"},G,C,G
1755021,{"NA"},G,T,G
1759447,{"NA"},C,T,C
1936322,{"NA"},C,T,C
1970236,{"NA"},A,G,A
1994400,{"NA"},C,T,C
2084099,{"NA"},G,T,G
2097408,{"NA"},A,G,A
2320657,{"NA"},G,T,G
2320662,{"NA"},G,A,G
2370022,{"NA"},A,C,A
2373957,{"NA"},A,G,A
2426214,{"NA"},G,C,G
2441525,{"NA"},G,A,G
2474259,{"NA"},G,A,G
2502441,{"NA"},C,T,C
2544358,{"NA"},G,C,G
2588694,{"NA"},T,G,T
2714735,{"NA"},G,A,G
2816838,{"NA"},G,A,G
2842249,{"NA"},G,T,G
2881366,{"NA"},C,T,C
2940452,{"NA"},C,T,C
2958997,{"NA"},T,C,T
2971041,{"NA"},A,T,A
3020197,{"NA"},A,G,A
3114093,{"NA"},T,A,T
3160783,{"NA"},G,A,G
3261582,{"NA"},G,A,G
3266888,{"NA"},G,A,G
3291152,{"NA"},T,C,T
3388002,{"NA"},G,C,G
3415014,{"NA"},G,C,G
3495866,{"NA"},A,G,A
3511754,{"NA"},T,C,T
3526846,{"NA"},G,C,G
3551634,{"NA"},T,G,T
3643104,{"NA"},G,A,G
3721206,{"NA"},A,G,A
3732271,{"NA"},G,A,G
3787982,{"NA"},A,G,A
3862370,{"NA"},C,T,C
3900496,{"NA"},C,G,C
3903560,{"NA"},A,G,A
3959729,{"NA"},T,C,T
4025581,{"NA"},C,A,C
4065875,{"NA"},G,T,G
4065885,{"NA"},A,C,A
4068195,{"NA"},C,G,C
4080380,{"NA"},C,T,C
4127831,{"NA"},A,C,A
4148318,{"NA"},G,A,G
4159105,{"NA"},C,G,C
4221824,{"NA"},T,C,T
4260626,{"NA"},G,A,G
4265137,{"NA"},T,C,T